1,Head of the Household,
2,Member of the Household,
3,Role Description #485,T
4,Role Description #486,T
5,Role Description #487,T
6,Role Description #488,T
7,Role Description #489,T
8,Role Description #490,T
9,Role Description #491,T
10,Role Description #492,T
11,Role Description #493,T
12,Role Description #494,T
13,Role Description #495,T
14,Role Description #496,T
15,Role Description #497,T
16,Role Description #498,T
17,Role Description #499,T
18,Role Description #500,T
19,Role Description #484,T
20,Role Description #432,T
21,Role Description #433,T
22,Role Description #434,T
23,Role Description #435,T
24,Role Description #436,T
25,Role Description #437,T
26,Role Description #438,T
27,Role Description #439,T
28,Role Description #440,T
29,Role Description #441,T
30,Role Description #442,T
31,Role Description #443,T
32,Role Description #444,T
33,Role Description #445,T
34,Role Description #446,T
35,Role Description #447,T
36,Role Description #448,T
37,Role Description #449,T
38,Role Description #450,T
39,Role Description #451,T
40,Role Description #452,T
41,Role Description #453,T
42,Role Description #454,T
43,Role Description #455,T
44,Role Description #456,T
45,Role Description #457,T
46,Role Description #458,T
47,Role Description #459,T
48,Role Description #460,T
49,Role Description #461,T
50,Role Description #462,T
51,Role Description #463,T
52,Role Description #464,T
53,Role Description #465,T
54,Role Description #466,T
55,Role Description #467,T
56,Role Description #468,T
57,Role Description #469,T
58,Role Description #470,T
59,Role Description #471,T
60,Role Description #472,T
61,Role Description #473,T
62,Role Description #474,T
63,Role Description #475,T
64,Role Description #476,T
65,Role Description #477,T
66,Role Description #478,T
67,Role Description #479,T
68,Role Description #480,T
69,Role Description #481,T
70,Role Description #482,T
71,Role Description #483,T
72,Role Description #431,T
73,Role Description #379,T
74,Role Description #380,T
75,Role Description #381,T
76,Role Description #382,T
77,Role Description #383,T
78,Role Description #384,T
79,Role Description #385,T
80,Role Description #386,T
81,Role Description #387,T
82,Role Description #388,T
83,Role Description #389,T
84,Role Description #390,T
85,Role Description #391,T
86,Role Description #392,T
87,Role Description #393,T
88,Role Description #394,T
89,Role Description #395,T
90,Role Description #396,T
91,Role Description #397,T
92,Role Description #398,T
93,Role Description #399,T
94,Role Description #400,T
95,Role Description #401,T
96,Role Description #402,T
97,Role Description #403,T
98,Role Description #404,T
99,Role Description #405,T
100,Role Description #406,T
101,Role Description #407,T
102,Role Description #408,T
103,Role Description #409,T
104,Role Description #410,T
105,Role Description #411,T
106,Role Description #412,T
107,Role Description #413,T
108,Role Description #414,T
109,Role Description #415,T
110,Role Description #416,T
111,Role Description #417,T
112,Role Description #418,T
113,Role Description #419,T
114,Role Description #420,T
115,Role Description #421,T
116,Role Description #422,T
117,Role Description #423,T
118,Role Description #424,T
119,Role Description #425,T
120,Role Description #426,T
121,Role Description #427,T
122,Role Description #428,T
123,Role Description #429,T
124,Role Description #430,T
125,Role Description #378,T
126,Role Description #326,T
127,Role Description #327,T
128,Role Description #328,T
129,Role Description #329,T
130,Role Description #330,T
131,Role Description #331,T
132,Role Description #332,T
133,Role Description #333,T
134,Role Description #334,T
135,Role Description #335,T
136,Role Description #336,T
137,Role Description #337,T
138,Role Description #338,T
139,Role Description #339,T
140,Role Description #340,T
141,Role Description #341,T
142,Role Description #342,T
143,Role Description #343,T
144,Role Description #344,T
145,Role Description #345,T
146,Role Description #346,T
147,Role Description #347,T
148,Role Description #348,T
149,Role Description #349,T
150,Role Description #350,T
151,Role Description #351,T
152,Role Description #352,T
153,Role Description #353,T
154,Role Description #354,T
155,Role Description #355,T
156,Role Description #356,T
157,Role Description #357,T
158,Role Description #358,T
159,Role Description #359,T
160,Role Description #360,T
161,Role Description #361,T
162,Role Description #362,T
163,Role Description #363,T
164,Role Description #364,T
165,Role Description #365,T
166,Role Description #366,T
167,Role Description #367,T
168,Role Description #368,T
169,Role Description #369,T
170,Role Description #370,T
171,Role Description #371,T
172,Role Description #372,T
173,Role Description #373,T
174,Role Description #374,T
175,Role Description #375,T
176,Role Description #376,T
177,Role Description #377,T
178,Role Description #325,T
179,Role Description #273,T
180,Role Description #274,T
181,Role Description #275,T
182,Role Description #276,T
183,Role Description #277,T
184,Role Description #278,T
185,Role Description #279,T
186,Role Description #280,T
187,Role Description #281,T
188,Role Description #282,T
189,Role Description #283,T
190,Role Description #284,T
191,Role Description #285,T
192,Role Description #286,T
193,Role Description #287,T
194,Role Description #288,T
195,Role Description #289,T
196,Role Description #290,T
197,Role Description #291,T
198,Role Description #292,T
199,Role Description #293,T
200,Role Description #294,T
201,Role Description #295,T
202,Role Description #296,T
203,Role Description #297,T
204,Role Description #298,T
205,Role Description #299,T
206,Role Description #300,T
207,Role Description #301,T
208,Role Description #302,T
209,Role Description #303,T
210,Role Description #304,T
211,Role Description #305,T
212,Role Description #306,T
213,Role Description #307,T
214,Role Description #308,T
215,Role Description #309,T
216,Role Description #310,T
217,Role Description #311,T
218,Role Description #312,T
219,Role Description #313,T
220,Role Description #314,T
221,Role Description #315,T
222,Role Description #316,T
223,Role Description #317,T
224,Role Description #318,T
225,Role Description #319,T
226,Role Description #320,T
227,Role Description #321,T
228,Role Description #322,T
229,Role Description #323,T
230,Role Description #324,T
231,Role Description #272,T
232,Role Description #220,T
233,Role Description #221,T
234,Role Description #222,T
235,Role Description #223,T
236,Role Description #224,T
237,Role Description #225,T
238,Role Description #226,T
239,Role Description #227,T
240,Role Description #228,T
241,Role Description #229,T
242,Role Description #230,T
243,Role Description #231,T
244,Role Description #232,T
245,Role Description #233,T
246,Role Description #234,T
247,Role Description #235,T
248,Role Description #236,T
249,Role Description #237,T
250,Role Description #238,T
251,Role Description #239,T
252,Role Description #240,T
253,Role Description #241,T
254,Role Description #242,T
255,Role Description #243,T
256,Role Description #244,T
257,Role Description #245,T
258,Role Description #246,T
259,Role Description #247,T
260,Role Description #248,T
261,Role Description #249,T
262,Role Description #250,T
263,Role Description #251,T
264,Role Description #252,T
265,Role Description #253,T
266,Role Description #254,T
267,Role Description #255,T
268,Role Description #256,T
269,Role Description #257,T
270,Role Description #258,T
271,Role Description #259,T
272,Role Description #260,T
273,Role Description #261,T
274,Role Description #262,T
275,Role Description #263,T
276,Role Description #264,T
277,Role Description #265,T
278,Role Description #266,T
279,Role Description #267,T
280,Role Description #268,T
281,Role Description #269,T
282,Role Description #270,T
283,Role Description #271,T
284,Role Description #219,T
285,Role Description #167,T
286,Role Description #168,T
287,Role Description #169,T
288,Role Description #170,T
289,Role Description #171,T
290,Role Description #172,T
291,Role Description #173,T
292,Role Description #174,T
293,Role Description #175,T
294,Role Description #176,T
295,Role Description #177,T
296,Role Description #178,T
297,Role Description #179,T
298,Role Description #180,T
299,Role Description #181,T
300,Role Description #182,T
301,Role Description #183,T
302,Role Description #184,T
303,Role Description #185,T
304,Role Description #186,T
305,Role Description #187,T
306,Role Description #188,T
307,Role Description #189,T
308,Role Description #190,T
309,Role Description #191,T
310,Role Description #192,T
311,Role Description #193,T
312,Role Description #194,T
313,Role Description #195,T
314,Role Description #196,T
315,Role Description #197,T
316,Role Description #198,T
317,Role Description #199,T
318,Role Description #200,T
319,Role Description #201,T
320,Role Description #202,T
321,Role Description #203,T
322,Role Description #204,T
323,Role Description #205,T
324,Role Description #206,T
325,Role Description #207,T
326,Role Description #208,T
327,Role Description #209,T
328,Role Description #210,T
329,Role Description #211,T
330,Role Description #212,T
331,Role Description #213,T
332,Role Description #214,T
333,Role Description #215,T
334,Role Description #216,T
335,Role Description #217,T
336,Role Description #218,T
337,Role Description #166,T
338,Role Description #114,T
339,Role Description #115,T
340,Role Description #116,T
341,Role Description #117,T
342,Role Description #118,T
343,Role Description #119,T
344,Role Description #120,T
345,Role Description #121,T
346,Role Description #122,T
347,Role Description #123,T
348,Role Description #124,T
349,Role Description #125,T
350,Role Description #126,T
351,Role Description #127,T
352,Role Description #128,T
353,Role Description #129,T
354,Role Description #130,T
355,Role Description #131,T
356,Role Description #132,T
357,Role Description #133,T
358,Role Description #134,T
359,Role Description #135,T
360,Role Description #136,T
361,Role Description #137,T
362,Role Description #138,T
363,Role Description #139,T
364,Role Description #140,T
365,Role Description #141,T
366,Role Description #142,T
367,Role Description #143,T
368,Role Description #144,T
369,Role Description #145,T
370,Role Description #146,T
371,Role Description #147,T
372,Role Description #148,T
373,Role Description #149,T
374,Role Description #150,T
375,Role Description #151,T
376,Role Description #152,T
377,Role Description #153,T
378,Role Description #154,T
379,Role Description #155,T
380,Role Description #156,T
381,Role Description #157,T
382,Role Description #158,T
383,Role Description #159,T
384,Role Description #160,T
385,Role Description #161,T
386,Role Description #162,T
387,Role Description #163,T
388,Role Description #164,T
389,Role Description #165,T
390,Role Description #113,T
391,Role Description #59,T
392,Role Description #60,T
393,Role Description #61,T
394,Role Description #62,T
395,Role Description #63,T
396,Role Description #64,T
397,Role Description #65,T
398,Role Description #66,T
399,Role Description #67,T
400,Role Description #68,T
401,Role Description #69,T
402,Role Description #70,T
403,Role Description #71,T
404,Role Description #72,T
405,Role Description #73,T
406,Role Description #74,T
407,Role Description #75,T
408,Role Description #76,T
409,Role Description #77,T
410,Role Description #78,T
411,Role Description #79,T
412,Role Description #80,T
413,Role Description #81,T
414,Role Description #82,T
415,Role Description #83,T
416,Role Description #84,T
417,Role Description #85,T
418,Role Description #86,T
419,Role Description #87,T
420,Role Description #88,T
421,Role Description #89,T
422,Role Description #90,T
423,Role Description #91,T
424,Role Description #92,T
425,Role Description #93,T
426,Role Description #94,T
427,Role Description #95,T
428,Role Description #96,T
429,Role Description #97,T
430,Role Description #98,T
431,Role Description #99,T
432,Role Description #100,T
433,Role Description #101,T
434,Role Description #102,T
435,Role Description #103,T
436,Role Description #104,T
437,Role Description #105,T
438,Role Description #106,T
439,Role Description #107,T
440,Role Description #108,T
441,Role Description #109,T
442,Role Description #110,T
443,Role Description #111,T
444,Role Description #112,T
445,Role Description #58,T
446,Role Description #2,T
447,Role Description #3,T
448,Role Description #1,T
449,Role Description #4,T
450,Role Description #5,T
451,Role Description #6,T
452,Role Description #7,T
453,Role Description #8,T
454,Role Description #9,T
455,Role Description #10,T
456,Role Description #11,T
457,Role Description #12,T
458,Role Description #13,T
459,Role Description #14,T
460,Role Description #15,T
461,Role Description #16,T
462,Role Description #17,T
463,Role Description #18,T
464,Role Description #19,T
465,Role Description #20,T
466,Role Description #21,T
467,Role Description #22,T
468,Role Description #23,T
469,Role Description #24,T
470,Role Description #25,T
471,Role Description #26,T
472,Role Description #27,T
473,Role Description #28,T
474,Role Description #29,T
475,Role Description #30,T
476,Role Description #31,T
477,Role Description #32,T
478,Role Description #33,T
479,Role Description #34,T
480,Role Description #35,T
481,Role Description #36,T
482,Role Description #37,T
483,Role Description #38,T
484,Role Description #39,T
485,Role Description #40,T
486,Role Description #41,T
487,Role Description #42,T
488,Role Description #43,T
489,Role Description #44,T
490,Role Description #45,T
491,Role Description #46,T
492,Role Description #47,T
493,Role Description #48,T
494,Role Description #49,T
495,Role Description #50,T
496,Role Description #51,T
497,Role Description #52,T
498,Role Description #53,T
499,Role Description #54,T
500,Role Description #55,T
501,Role Description #56,T
502,Role Description #57,T
