1,phone,phone,
4,direct,direct,
2,email,email,
3,fax,fax,
5,web,web,
6,SN #471,Long name #471,T
7,SN #472,Long name #472,T
8,SN #473,Long name #473,T
9,SN #474,Long name #474,T
10,SN #475,Long name #475,T
11,SN #476,Long name #476,T
12,SN #477,Long name #477,T
13,SN #478,Long name #478,T
14,SN #479,Long name #479,T
15,SN #480,Long name #480,T
16,SN #481,Long name #481,T
17,SN #482,Long name #482,T
18,SN #483,Long name #483,T
19,SN #484,Long name #484,T
20,SN #485,Long name #485,T
21,SN #486,Long name #486,T
22,SN #487,Long name #487,T
23,SN #488,Long name #488,T
24,SN #489,Long name #489,T
25,SN #490,Long name #490,T
26,SN #491,Long name #491,T
27,SN #492,Long name #492,T
28,SN #493,Long name #493,T
29,SN #494,Long name #494,T
30,SN #495,Long name #495,T
31,SN #496,Long name #496,T
32,SN #497,Long name #497,T
33,SN #498,Long name #498,T
34,SN #499,Long name #499,T
35,SN #500,Long name #500,T
36,SN #470,Long name #470,T
37,SN #420,Long name #420,T
38,SN #421,Long name #421,T
39,SN #422,Long name #422,T
40,SN #423,Long name #423,T
41,SN #424,Long name #424,T
42,SN #425,Long name #425,T
43,SN #426,Long name #426,T
44,SN #427,Long name #427,T
45,SN #428,Long name #428,T
46,SN #429,Long name #429,T
47,SN #430,Long name #430,T
48,SN #431,Long name #431,T
49,SN #432,Long name #432,T
50,SN #433,Long name #433,T
51,SN #434,Long name #434,T
52,SN #435,Long name #435,T
53,SN #436,Long name #436,T
54,SN #437,Long name #437,T
55,SN #438,Long name #438,T
56,SN #439,Long name #439,T
57,SN #440,Long name #440,T
58,SN #441,Long name #441,T
59,SN #442,Long name #442,T
60,SN #443,Long name #443,T
61,SN #444,Long name #444,T
62,SN #445,Long name #445,T
63,SN #446,Long name #446,T
64,SN #447,Long name #447,T
65,SN #448,Long name #448,T
66,SN #449,Long name #449,T
67,SN #450,Long name #450,T
68,SN #451,Long name #451,T
69,SN #452,Long name #452,T
70,SN #453,Long name #453,T
71,SN #454,Long name #454,T
72,SN #455,Long name #455,T
73,SN #456,Long name #456,T
74,SN #457,Long name #457,T
75,SN #458,Long name #458,T
76,SN #459,Long name #459,T
77,SN #460,Long name #460,T
78,SN #461,Long name #461,T
79,SN #462,Long name #462,T
80,SN #463,Long name #463,T
81,SN #464,Long name #464,T
82,SN #465,Long name #465,T
83,SN #466,Long name #466,T
84,SN #467,Long name #467,T
85,SN #468,Long name #468,T
86,SN #469,Long name #469,T
87,SN #419,Long name #419,T
88,SN #369,Long name #369,T
89,SN #370,Long name #370,T
90,SN #371,Long name #371,T
91,SN #372,Long name #372,T
92,SN #373,Long name #373,T
93,SN #374,Long name #374,T
94,SN #375,Long name #375,T
95,SN #376,Long name #376,T
96,SN #377,Long name #377,T
97,SN #378,Long name #378,T
98,SN #379,Long name #379,T
99,SN #380,Long name #380,T
100,SN #381,Long name #381,T
101,SN #382,Long name #382,T
102,SN #383,Long name #383,T
103,SN #384,Long name #384,T
104,SN #385,Long name #385,T
105,SN #386,Long name #386,T
106,SN #387,Long name #387,T
107,SN #388,Long name #388,T
108,SN #389,Long name #389,T
109,SN #390,Long name #390,T
110,SN #391,Long name #391,T
111,SN #392,Long name #392,T
112,SN #393,Long name #393,T
113,SN #394,Long name #394,T
114,SN #395,Long name #395,T
115,SN #396,Long name #396,T
116,SN #397,Long name #397,T
117,SN #398,Long name #398,T
118,SN #399,Long name #399,T
119,SN #400,Long name #400,T
120,SN #401,Long name #401,T
121,SN #402,Long name #402,T
122,SN #403,Long name #403,T
123,SN #404,Long name #404,T
124,SN #405,Long name #405,T
125,SN #406,Long name #406,T
126,SN #407,Long name #407,T
127,SN #408,Long name #408,T
128,SN #409,Long name #409,T
129,SN #410,Long name #410,T
130,SN #411,Long name #411,T
131,SN #412,Long name #412,T
132,SN #413,Long name #413,T
133,SN #414,Long name #414,T
134,SN #415,Long name #415,T
135,SN #416,Long name #416,T
136,SN #417,Long name #417,T
137,SN #418,Long name #418,T
138,SN #368,Long name #368,T
139,SN #318,Long name #318,T
140,SN #319,Long name #319,T
141,SN #320,Long name #320,T
142,SN #321,Long name #321,T
143,SN #322,Long name #322,T
144,SN #323,Long name #323,T
145,SN #324,Long name #324,T
146,SN #325,Long name #325,T
147,SN #326,Long name #326,T
148,SN #327,Long name #327,T
149,SN #328,Long name #328,T
150,SN #329,Long name #329,T
151,SN #330,Long name #330,T
152,SN #331,Long name #331,T
153,SN #332,Long name #332,T
154,SN #333,Long name #333,T
155,SN #334,Long name #334,T
156,SN #335,Long name #335,T
157,SN #336,Long name #336,T
158,SN #337,Long name #337,T
159,SN #338,Long name #338,T
160,SN #339,Long name #339,T
161,SN #340,Long name #340,T
162,SN #341,Long name #341,T
163,SN #342,Long name #342,T
164,SN #343,Long name #343,T
165,SN #344,Long name #344,T
166,SN #345,Long name #345,T
167,SN #346,Long name #346,T
168,SN #347,Long name #347,T
169,SN #348,Long name #348,T
170,SN #349,Long name #349,T
171,SN #350,Long name #350,T
172,SN #351,Long name #351,T
173,SN #352,Long name #352,T
174,SN #353,Long name #353,T
175,SN #354,Long name #354,T
176,SN #355,Long name #355,T
177,SN #356,Long name #356,T
178,SN #357,Long name #357,T
179,SN #358,Long name #358,T
180,SN #359,Long name #359,T
181,SN #360,Long name #360,T
182,SN #361,Long name #361,T
183,SN #362,Long name #362,T
184,SN #363,Long name #363,T
185,SN #364,Long name #364,T
186,SN #365,Long name #365,T
187,SN #366,Long name #366,T
188,SN #367,Long name #367,T
189,SN #317,Long name #317,T
190,SN #267,Long name #267,T
191,SN #268,Long name #268,T
192,SN #269,Long name #269,T
193,SN #270,Long name #270,T
194,SN #271,Long name #271,T
195,SN #272,Long name #272,T
196,SN #273,Long name #273,T
197,SN #274,Long name #274,T
198,SN #275,Long name #275,T
199,SN #276,Long name #276,T
200,SN #277,Long name #277,T
201,SN #278,Long name #278,T
202,SN #279,Long name #279,T
203,SN #280,Long name #280,T
204,SN #281,Long name #281,T
205,SN #282,Long name #282,T
206,SN #283,Long name #283,T
207,SN #284,Long name #284,T
208,SN #285,Long name #285,T
209,SN #286,Long name #286,T
210,SN #287,Long name #287,T
211,SN #288,Long name #288,T
212,SN #289,Long name #289,T
213,SN #290,Long name #290,T
214,SN #291,Long name #291,T
215,SN #292,Long name #292,T
216,SN #293,Long name #293,T
217,SN #294,Long name #294,T
218,SN #295,Long name #295,T
219,SN #296,Long name #296,T
220,SN #297,Long name #297,T
221,SN #298,Long name #298,T
222,SN #299,Long name #299,T
223,SN #300,Long name #300,T
224,SN #301,Long name #301,T
225,SN #302,Long name #302,T
226,SN #303,Long name #303,T
227,SN #304,Long name #304,T
228,SN #305,Long name #305,T
229,SN #306,Long name #306,T
230,SN #307,Long name #307,T
231,SN #308,Long name #308,T
232,SN #309,Long name #309,T
233,SN #310,Long name #310,T
234,SN #311,Long name #311,T
235,SN #312,Long name #312,T
236,SN #313,Long name #313,T
237,SN #314,Long name #314,T
238,SN #315,Long name #315,T
239,SN #316,Long name #316,T
240,SN #266,Long name #266,T
241,SN #216,Long name #216,T
242,SN #217,Long name #217,T
243,SN #218,Long name #218,T
244,SN #219,Long name #219,T
245,SN #220,Long name #220,T
246,SN #221,Long name #221,T
247,SN #222,Long name #222,T
248,SN #223,Long name #223,T
249,SN #224,Long name #224,T
250,SN #225,Long name #225,T
251,SN #226,Long name #226,T
252,SN #227,Long name #227,T
253,SN #228,Long name #228,T
254,SN #229,Long name #229,T
255,SN #230,Long name #230,T
256,SN #231,Long name #231,T
257,SN #232,Long name #232,T
258,SN #233,Long name #233,T
259,SN #234,Long name #234,T
260,SN #235,Long name #235,T
261,SN #236,Long name #236,T
262,SN #237,Long name #237,T
263,SN #238,Long name #238,T
264,SN #239,Long name #239,T
265,SN #240,Long name #240,T
266,SN #241,Long name #241,T
267,SN #242,Long name #242,T
268,SN #243,Long name #243,T
269,SN #244,Long name #244,T
270,SN #245,Long name #245,T
271,SN #246,Long name #246,T
272,SN #247,Long name #247,T
273,SN #248,Long name #248,T
274,SN #249,Long name #249,T
275,SN #250,Long name #250,T
276,SN #251,Long name #251,T
277,SN #252,Long name #252,T
278,SN #253,Long name #253,T
279,SN #254,Long name #254,T
280,SN #255,Long name #255,T
281,SN #256,Long name #256,T
282,SN #257,Long name #257,T
283,SN #258,Long name #258,T
284,SN #259,Long name #259,T
285,SN #260,Long name #260,T
286,SN #261,Long name #261,T
287,SN #262,Long name #262,T
288,SN #263,Long name #263,T
289,SN #264,Long name #264,T
290,SN #265,Long name #265,T
291,SN #215,Long name #215,T
292,SN #165,Long name #165,T
293,SN #166,Long name #166,T
294,SN #167,Long name #167,T
295,SN #168,Long name #168,T
296,SN #169,Long name #169,T
297,SN #170,Long name #170,T
298,SN #171,Long name #171,T
299,SN #172,Long name #172,T
300,SN #173,Long name #173,T
301,SN #174,Long name #174,T
302,SN #175,Long name #175,T
303,SN #176,Long name #176,T
304,SN #177,Long name #177,T
305,SN #178,Long name #178,T
306,SN #179,Long name #179,T
307,SN #180,Long name #180,T
308,SN #181,Long name #181,T
309,SN #182,Long name #182,T
310,SN #183,Long name #183,T
311,SN #184,Long name #184,T
312,SN #185,Long name #185,T
313,SN #186,Long name #186,T
314,SN #187,Long name #187,T
315,SN #188,Long name #188,T
316,SN #189,Long name #189,T
317,SN #190,Long name #190,T
318,SN #191,Long name #191,T
319,SN #192,Long name #192,T
320,SN #193,Long name #193,T
321,SN #194,Long name #194,T
322,SN #195,Long name #195,T
323,SN #196,Long name #196,T
324,SN #197,Long name #197,T
325,SN #198,Long name #198,T
326,SN #199,Long name #199,T
327,SN #200,Long name #200,T
328,SN #201,Long name #201,T
329,SN #202,Long name #202,T
330,SN #203,Long name #203,T
331,SN #204,Long name #204,T
332,SN #205,Long name #205,T
333,SN #206,Long name #206,T
334,SN #207,Long name #207,T
335,SN #208,Long name #208,T
336,SN #209,Long name #209,T
337,SN #210,Long name #210,T
338,SN #211,Long name #211,T
339,SN #212,Long name #212,T
340,SN #213,Long name #213,T
341,SN #214,Long name #214,T
342,SN #164,Long name #164,T
343,SN #114,Long name #114,T
344,SN #115,Long name #115,T
345,SN #116,Long name #116,T
346,SN #117,Long name #117,T
347,SN #118,Long name #118,T
348,SN #119,Long name #119,T
349,SN #120,Long name #120,T
350,SN #121,Long name #121,T
351,SN #122,Long name #122,T
352,SN #123,Long name #123,T
353,SN #124,Long name #124,T
354,SN #125,Long name #125,T
355,SN #126,Long name #126,T
356,SN #127,Long name #127,T
357,SN #128,Long name #128,T
358,SN #129,Long name #129,T
359,SN #130,Long name #130,T
360,SN #131,Long name #131,T
361,SN #132,Long name #132,T
362,SN #133,Long name #133,T
363,SN #134,Long name #134,T
364,SN #135,Long name #135,T
365,SN #136,Long name #136,T
366,SN #137,Long name #137,T
367,SN #138,Long name #138,T
368,SN #139,Long name #139,T
369,SN #140,Long name #140,T
370,SN #141,Long name #141,T
371,SN #142,Long name #142,T
372,SN #143,Long name #143,T
373,SN #144,Long name #144,T
374,SN #145,Long name #145,T
375,SN #146,Long name #146,T
376,SN #147,Long name #147,T
377,SN #148,Long name #148,T
378,SN #149,Long name #149,T
379,SN #150,Long name #150,T
380,SN #151,Long name #151,T
381,SN #152,Long name #152,T
382,SN #153,Long name #153,T
383,SN #154,Long name #154,T
384,SN #155,Long name #155,T
385,SN #156,Long name #156,T
386,SN #157,Long name #157,T
387,SN #158,Long name #158,T
388,SN #159,Long name #159,T
389,SN #160,Long name #160,T
390,SN #161,Long name #161,T
391,SN #162,Long name #162,T
392,SN #163,Long name #163,T
393,SN #113,Long name #113,T
394,SN #59,Long name #59,T
395,SN #60,Long name #60,T
396,SN #61,Long name #61,T
397,SN #62,Long name #62,T
398,SN #63,Long name #63,T
399,SN #64,Long name #64,T
400,SN #65,Long name #65,T
401,SN #66,Long name #66,T
402,SN #67,Long name #67,T
403,SN #68,Long name #68,T
404,SN #69,Long name #69,T
405,SN #70,Long name #70,T
406,SN #71,Long name #71,T
407,SN #72,Long name #72,T
408,SN #73,Long name #73,T
409,SN #74,Long name #74,T
410,SN #75,Long name #75,T
411,SN #76,Long name #76,T
412,SN #77,Long name #77,T
413,SN #78,Long name #78,T
414,SN #79,Long name #79,T
415,SN #80,Long name #80,T
416,SN #81,Long name #81,T
417,SN #82,Long name #82,T
418,SN #83,Long name #83,T
419,SN #84,Long name #84,T
420,SN #85,Long name #85,T
421,SN #86,Long name #86,T
422,SN #87,Long name #87,T
423,SN #88,Long name #88,T
424,SN #89,Long name #89,T
425,SN #90,Long name #90,T
426,SN #91,Long name #91,T
427,SN #92,Long name #92,T
428,SN #93,Long name #93,T
429,SN #94,Long name #94,T
430,SN #95,Long name #95,T
431,SN #96,Long name #96,T
432,SN #97,Long name #97,T
433,SN #98,Long name #98,T
434,SN #99,Long name #99,T
435,SN #100,Long name #100,T
436,SN #101,Long name #101,T
437,SN #102,Long name #102,T
438,SN #103,Long name #103,T
439,SN #104,Long name #104,T
440,SN #105,Long name #105,T
441,SN #106,Long name #106,T
442,SN #107,Long name #107,T
443,SN #108,Long name #108,T
444,SN #109,Long name #109,T
445,SN #58,Long name #58,T
446,SN #110,Long name #110,T
447,SN #111,Long name #111,T
448,SN #112,Long name #112,T
449,SN #2,Long name #2,T
450,SN #3,Long name #3,T
451,SN #4,Long name #4,T
452,SN #5,Long name #5,T
453,SN #6,Long name #6,T
454,SN #7,Long name #7,T
455,SN #8,Long name #8,T
456,SN #9,Long name #9,T
457,SN #10,Long name #10,T
458,SN #11,Long name #11,T
459,SN #12,Long name #12,T
460,SN #13,Long name #13,T
461,SN #14,Long name #14,T
462,SN #15,Long name #15,T
463,SN #16,Long name #16,T
464,SN #17,Long name #17,T
465,SN #18,Long name #18,T
466,SN #19,Long name #19,T
467,SN #20,Long name #20,T
468,SN #21,Long name #21,T
469,SN #22,Long name #22,T
470,SN #23,Long name #23,T
471,SN #24,Long name #24,T
472,SN #25,Long name #25,T
473,SN #26,Long name #26,T
474,SN #27,Long name #27,T
475,SN #28,Long name #28,T
476,SN #29,Long name #29,T
477,SN #30,Long name #30,T
478,SN #31,Long name #31,T
479,SN #32,Long name #32,T
480,SN #1,Long name #1,T
481,SN #33,Long name #33,T
482,SN #34,Long name #34,T
483,SN #35,Long name #35,T
484,SN #36,Long name #36,T
485,SN #37,Long name #37,T
486,SN #38,Long name #38,T
487,SN #39,Long name #39,T
488,SN #40,Long name #40,T
489,SN #41,Long name #41,T
490,SN #42,Long name #42,T
491,SN #43,Long name #43,T
492,SN #44,Long name #44,T
493,SN #45,Long name #45,T
494,SN #46,Long name #46,T
495,SN #47,Long name #47,T
496,SN #48,Long name #48,T
497,SN #49,Long name #49,T
498,SN #50,Long name #50,T
499,SN #51,Long name #51,T
500,SN #52,Long name #52,T
501,SN #53,Long name #53,T
502,SN #54,Long name #54,T
503,SN #55,Long name #55,T
504,SN #56,Long name #56,T
505,SN #57,Long name #57,T
