1,pcs,Piece,
2,unt,Unit,
3,min,Minute,
4,h,Hour,
5,gal,Gallone,
6,Shrt desc #1,Long description #1,T
7,Shrt desc #2,Long description #2,T
8,Shrt desc #3,Long description #3,T
9,Shrt desc #4,Long description #4,T
10,Shrt desc #5,Long description #5,T
11,Shrt desc #6,Long description #6,T
12,Shrt desc #7,Long description #7,T
13,Shrt desc #8,Long description #8,T
14,Shrt desc #9,Long description #9,T
15,Shrt desc #10,Long description #10,T
16,Shrt desc #11,Long description #11,T
17,Shrt desc #12,Long description #12,T
18,Shrt desc #13,Long description #13,T
19,Shrt desc #14,Long description #14,T
20,Shrt desc #15,Long description #15,T
21,Shrt desc #16,Long description #16,T
22,Shrt desc #17,Long description #17,T
23,Shrt desc #18,Long description #18,T
24,Shrt desc #19,Long description #19,T
25,Shrt desc #20,Long description #20,T
26,Shrt desc #21,Long description #21,T
27,Shrt desc #22,Long description #22,T
28,Shrt desc #23,Long description #23,T
29,Shrt desc #24,Long description #24,T
30,Shrt desc #25,Long description #25,T
31,Shrt desc #26,Long description #26,T
32,Shrt desc #27,Long description #27,T
33,Shrt desc #28,Long description #28,T
34,Shrt desc #29,Long description #29,T
35,Shrt desc #30,Long description #30,T
36,Shrt desc #31,Long description #31,T
37,Shrt desc #32,Long description #32,T
38,Shrt desc #33,Long description #33,T
39,Shrt desc #34,Long description #34,T
40,Shrt desc #35,Long description #35,T
41,Shrt desc #36,Long description #36,T
42,Shrt desc #37,Long description #37,T
43,Shrt desc #38,Long description #38,T
44,Shrt desc #39,Long description #39,T
45,Shrt desc #40,Long description #40,T
46,Shrt desc #41,Long description #41,T
47,Shrt desc #42,Long description #42,T
48,Shrt desc #43,Long description #43,T
49,Shrt desc #44,Long description #44,T
50,Shrt desc #45,Long description #45,T
51,Shrt desc #46,Long description #46,T
52,Shrt desc #47,Long description #47,T
53,Shrt desc #48,Long description #48,T
54,Shrt desc #49,Long description #49,T
55,Shrt desc #50,Long description #50,T
56,Shrt desc #51,Long description #51,T
57,Shrt desc #52,Long description #52,T
58,Shrt desc #53,Long description #53,T
59,Shrt desc #54,Long description #54,T
60,Shrt desc #55,Long description #55,T
61,Shrt desc #56,Long description #56,T
62,Shrt desc #57,Long description #57,T
63,Shrt desc #58,Long description #58,T
64,Shrt desc #59,Long description #59,T
65,Shrt desc #60,Long description #60,T
66,Shrt desc #61,Long description #61,T
67,Shrt desc #62,Long description #62,T
68,Shrt desc #63,Long description #63,T
69,Shrt desc #64,Long description #64,T
70,Shrt desc #65,Long description #65,T
71,Shrt desc #66,Long description #66,T
72,Shrt desc #67,Long description #67,T
73,Shrt desc #68,Long description #68,T
74,Shrt desc #69,Long description #69,T
75,Shrt desc #70,Long description #70,T
76,Shrt desc #71,Long description #71,T
77,Shrt desc #72,Long description #72,T
78,Shrt desc #73,Long description #73,T
79,Shrt desc #74,Long description #74,T
80,Shrt desc #75,Long description #75,T
81,Shrt desc #76,Long description #76,T
82,Shrt desc #77,Long description #77,T
83,Shrt desc #78,Long description #78,T
84,Shrt desc #79,Long description #79,T
85,Shrt desc #80,Long description #80,T
86,Shrt desc #81,Long description #81,T
87,Shrt desc #82,Long description #82,T
88,Shrt desc #83,Long description #83,T
89,Shrt desc #84,Long description #84,T
90,Shrt desc #85,Long description #85,T
91,Shrt desc #86,Long description #86,T
92,Shrt desc #87,Long description #87,T
93,Shrt desc #88,Long description #88,T
94,Shrt desc #89,Long description #89,T
95,Shrt desc #90,Long description #90,T
96,Shrt desc #91,Long description #91,T
97,Shrt desc #92,Long description #92,T
98,Shrt desc #93,Long description #93,T
99,Shrt desc #94,Long description #94,T
100,Shrt desc #95,Long description #95,T
101,Shrt desc #96,Long description #96,T
102,Shrt desc #97,Long description #97,T
103,Shrt desc #98,Long description #98,T
104,Shrt desc #99,Long description #99,T
105,Shrt desc #10,Long description #10,T
106,Shrt desc #10,Long description #10,T
107,Shrt desc #10,Long description #10,T
108,Shrt desc #10,Long description #10,T
109,Shrt desc #10,Long description #10,T
110,Shrt desc #10,Long description #10,T
111,Shrt desc #10,Long description #10,T
112,Shrt desc #10,Long description #10,T
113,Shrt desc #10,Long description #10,T
114,Shrt desc #10,Long description #10,T
115,Shrt desc #11,Long description #11,T
116,Shrt desc #11,Long description #11,T
117,Shrt desc #11,Long description #11,T
118,Shrt desc #11,Long description #11,T
119,Shrt desc #11,Long description #11,T
120,Shrt desc #11,Long description #11,T
121,Shrt desc #11,Long description #11,T
122,Shrt desc #11,Long description #11,T
123,Shrt desc #11,Long description #11,T
124,Shrt desc #11,Long description #11,T
125,Shrt desc #12,Long description #12,T
126,Shrt desc #12,Long description #12,T
127,Shrt desc #12,Long description #12,T
128,Shrt desc #12,Long description #12,T
129,Shrt desc #12,Long description #12,T
130,Shrt desc #12,Long description #12,T
131,Shrt desc #12,Long description #12,T
132,Shrt desc #12,Long description #12,T
133,Shrt desc #12,Long description #12,T
134,Shrt desc #12,Long description #12,T
135,Shrt desc #13,Long description #13,T
136,Shrt desc #13,Long description #13,T
137,Shrt desc #13,Long description #13,T
138,Shrt desc #13,Long description #13,T
139,Shrt desc #13,Long description #13,T
140,Shrt desc #13,Long description #13,T
141,Shrt desc #13,Long description #13,T
142,Shrt desc #13,Long description #13,T
143,Shrt desc #13,Long description #13,T
144,Shrt desc #13,Long description #13,T
145,Shrt desc #14,Long description #14,T
146,Shrt desc #14,Long description #14,T
147,Shrt desc #14,Long description #14,T
148,Shrt desc #14,Long description #14,T
149,Shrt desc #14,Long description #14,T
150,Shrt desc #14,Long description #14,T
151,Shrt desc #14,Long description #14,T
152,Shrt desc #14,Long description #14,T
153,Shrt desc #14,Long description #14,T
154,Shrt desc #14,Long description #14,T
155,Shrt desc #15,Long description #15,T
156,Shrt desc #15,Long description #15,T
157,Shrt desc #15,Long description #15,T
158,Shrt desc #15,Long description #15,T
159,Shrt desc #15,Long description #15,T
160,Shrt desc #15,Long description #15,T
161,Shrt desc #15,Long description #15,T
162,Shrt desc #15,Long description #15,T
163,Shrt desc #15,Long description #15,T
164,Shrt desc #15,Long description #15,T
165,Shrt desc #16,Long description #16,T
166,Shrt desc #16,Long description #16,T
167,Shrt desc #16,Long description #16,T
168,Shrt desc #16,Long description #16,T
169,Shrt desc #16,Long description #16,T
170,Shrt desc #16,Long description #16,T
171,Shrt desc #16,Long description #16,T
172,Shrt desc #16,Long description #16,T
173,Shrt desc #16,Long description #16,T
174,Shrt desc #16,Long description #16,T
175,Shrt desc #17,Long description #17,T
176,Shrt desc #17,Long description #17,T
177,Shrt desc #17,Long description #17,T
178,Shrt desc #17,Long description #17,T
179,Shrt desc #17,Long description #17,T
180,Shrt desc #17,Long description #17,T
181,Shrt desc #17,Long description #17,T
182,Shrt desc #17,Long description #17,T
183,Shrt desc #17,Long description #17,T
184,Shrt desc #17,Long description #17,T
185,Shrt desc #18,Long description #18,T
186,Shrt desc #18,Long description #18,T
187,Shrt desc #18,Long description #18,T
188,Shrt desc #18,Long description #18,T
189,Shrt desc #18,Long description #18,T
190,Shrt desc #18,Long description #18,T
191,Shrt desc #18,Long description #18,T
192,Shrt desc #18,Long description #18,T
193,Shrt desc #18,Long description #18,T
194,Shrt desc #18,Long description #18,T
195,Shrt desc #19,Long description #19,T
196,Shrt desc #19,Long description #19,T
197,Shrt desc #19,Long description #19,T
198,Shrt desc #19,Long description #19,T
199,Shrt desc #19,Long description #19,T
200,Shrt desc #19,Long description #19,T
201,Shrt desc #19,Long description #19,T
202,Shrt desc #19,Long description #19,T
203,Shrt desc #19,Long description #19,T
204,Shrt desc #19,Long description #19,T
205,Shrt desc #20,Long description #20,T
206,Shrt desc #20,Long description #20,T
207,Shrt desc #20,Long description #20,T
208,Shrt desc #20,Long description #20,T
209,Shrt desc #20,Long description #20,T
210,Shrt desc #20,Long description #20,T
211,Shrt desc #20,Long description #20,T
212,Shrt desc #20,Long description #20,T
213,Shrt desc #20,Long description #20,T
214,Shrt desc #20,Long description #20,T
215,Shrt desc #21,Long description #21,T
216,Shrt desc #21,Long description #21,T
217,Shrt desc #21,Long description #21,T
218,Shrt desc #21,Long description #21,T
219,Shrt desc #21,Long description #21,T
220,Shrt desc #21,Long description #21,T
221,Shrt desc #21,Long description #21,T
222,Shrt desc #21,Long description #21,T
223,Shrt desc #21,Long description #21,T
224,Shrt desc #21,Long description #21,T
225,Shrt desc #22,Long description #22,T
226,Shrt desc #22,Long description #22,T
227,Shrt desc #22,Long description #22,T
228,Shrt desc #22,Long description #22,T
229,Shrt desc #22,Long description #22,T
230,Shrt desc #22,Long description #22,T
231,Shrt desc #22,Long description #22,T
232,Shrt desc #22,Long description #22,T
233,Shrt desc #22,Long description #22,T
234,Shrt desc #22,Long description #22,T
235,Shrt desc #23,Long description #23,T
236,Shrt desc #23,Long description #23,T
237,Shrt desc #23,Long description #23,T
238,Shrt desc #23,Long description #23,T
239,Shrt desc #23,Long description #23,T
240,Shrt desc #23,Long description #23,T
241,Shrt desc #23,Long description #23,T
242,Shrt desc #23,Long description #23,T
243,Shrt desc #23,Long description #23,T
244,Shrt desc #23,Long description #23,T
245,Shrt desc #24,Long description #24,T
246,Shrt desc #24,Long description #24,T
247,Shrt desc #24,Long description #24,T
248,Shrt desc #24,Long description #24,T
249,Shrt desc #24,Long description #24,T
250,Shrt desc #24,Long description #24,T
251,Shrt desc #24,Long description #24,T
252,Shrt desc #24,Long description #24,T
253,Shrt desc #24,Long description #24,T
254,Shrt desc #24,Long description #24,T
255,Shrt desc #25,Long description #25,T
256,Shrt desc #25,Long description #25,T
257,Shrt desc #25,Long description #25,T
258,Shrt desc #25,Long description #25,T
259,Shrt desc #25,Long description #25,T
260,Shrt desc #25,Long description #25,T
261,Shrt desc #25,Long description #25,T
262,Shrt desc #25,Long description #25,T
263,Shrt desc #25,Long description #25,T
264,Shrt desc #25,Long description #25,T
265,Shrt desc #26,Long description #26,T
266,Shrt desc #26,Long description #26,T
267,Shrt desc #26,Long description #26,T
268,Shrt desc #26,Long description #26,T
269,Shrt desc #26,Long description #26,T
270,Shrt desc #26,Long description #26,T
271,Shrt desc #26,Long description #26,T
272,Shrt desc #26,Long description #26,T
273,Shrt desc #26,Long description #26,T
274,Shrt desc #26,Long description #26,T
275,Shrt desc #27,Long description #27,T
276,Shrt desc #27,Long description #27,T
277,Shrt desc #27,Long description #27,T
278,Shrt desc #27,Long description #27,T
279,Shrt desc #27,Long description #27,T
280,Shrt desc #27,Long description #27,T
281,Shrt desc #27,Long description #27,T
282,Shrt desc #27,Long description #27,T
283,Shrt desc #27,Long description #27,T
284,Shrt desc #27,Long description #27,T
285,Shrt desc #28,Long description #28,T
286,Shrt desc #28,Long description #28,T
287,Shrt desc #28,Long description #28,T
288,Shrt desc #28,Long description #28,T
289,Shrt desc #28,Long description #28,T
290,Shrt desc #28,Long description #28,T
291,Shrt desc #28,Long description #28,T
292,Shrt desc #28,Long description #28,T
293,Shrt desc #28,Long description #28,T
294,Shrt desc #28,Long description #28,T
295,Shrt desc #29,Long description #29,T
296,Shrt desc #29,Long description #29,T
297,Shrt desc #29,Long description #29,T
298,Shrt desc #29,Long description #29,T
299,Shrt desc #29,Long description #29,T
300,Shrt desc #29,Long description #29,T
301,Shrt desc #29,Long description #29,T
302,Shrt desc #29,Long description #29,T
303,Shrt desc #29,Long description #29,T
304,Shrt desc #29,Long description #29,T
305,Shrt desc #30,Long description #30,T
306,Shrt desc #30,Long description #30,T
307,Shrt desc #30,Long description #30,T
308,Shrt desc #30,Long description #30,T
309,Shrt desc #30,Long description #30,T
310,Shrt desc #30,Long description #30,T
311,Shrt desc #30,Long description #30,T
312,Shrt desc #30,Long description #30,T
313,Shrt desc #30,Long description #30,T
314,Shrt desc #30,Long description #30,T
315,Shrt desc #31,Long description #31,T
316,Shrt desc #31,Long description #31,T
317,Shrt desc #31,Long description #31,T
318,Shrt desc #31,Long description #31,T
319,Shrt desc #31,Long description #31,T
320,Shrt desc #31,Long description #31,T
321,Shrt desc #31,Long description #31,T
322,Shrt desc #31,Long description #31,T
323,Shrt desc #31,Long description #31,T
324,Shrt desc #31,Long description #31,T
325,Shrt desc #32,Long description #32,T
326,Shrt desc #32,Long description #32,T
327,Shrt desc #32,Long description #32,T
328,Shrt desc #32,Long description #32,T
329,Shrt desc #32,Long description #32,T
330,Shrt desc #32,Long description #32,T
331,Shrt desc #32,Long description #32,T
332,Shrt desc #32,Long description #32,T
333,Shrt desc #32,Long description #32,T
334,Shrt desc #32,Long description #32,T
335,Shrt desc #33,Long description #33,T
336,Shrt desc #33,Long description #33,T
337,Shrt desc #33,Long description #33,T
338,Shrt desc #33,Long description #33,T
339,Shrt desc #33,Long description #33,T
340,Shrt desc #33,Long description #33,T
341,Shrt desc #33,Long description #33,T
342,Shrt desc #33,Long description #33,T
343,Shrt desc #33,Long description #33,T
344,Shrt desc #33,Long description #33,T
345,Shrt desc #34,Long description #34,T
346,Shrt desc #34,Long description #34,T
347,Shrt desc #34,Long description #34,T
348,Shrt desc #34,Long description #34,T
349,Shrt desc #34,Long description #34,T
350,Shrt desc #34,Long description #34,T
351,Shrt desc #34,Long description #34,T
352,Shrt desc #34,Long description #34,T
353,Shrt desc #34,Long description #34,T
354,Shrt desc #34,Long description #34,T
355,Shrt desc #35,Long description #35,T
356,Shrt desc #35,Long description #35,T
357,Shrt desc #35,Long description #35,T
358,Shrt desc #35,Long description #35,T
359,Shrt desc #35,Long description #35,T
360,Shrt desc #35,Long description #35,T
361,Shrt desc #35,Long description #35,T
362,Shrt desc #35,Long description #35,T
363,Shrt desc #35,Long description #35,T
364,Shrt desc #35,Long description #35,T
365,Shrt desc #36,Long description #36,T
366,Shrt desc #36,Long description #36,T
367,Shrt desc #36,Long description #36,T
368,Shrt desc #36,Long description #36,T
369,Shrt desc #36,Long description #36,T
370,Shrt desc #36,Long description #36,T
371,Shrt desc #36,Long description #36,T
372,Shrt desc #36,Long description #36,T
373,Shrt desc #36,Long description #36,T
374,Shrt desc #36,Long description #36,T
375,Shrt desc #37,Long description #37,T
376,Shrt desc #37,Long description #37,T
377,Shrt desc #37,Long description #37,T
378,Shrt desc #37,Long description #37,T
379,Shrt desc #37,Long description #37,T
380,Shrt desc #37,Long description #37,T
381,Shrt desc #37,Long description #37,T
382,Shrt desc #37,Long description #37,T
383,Shrt desc #37,Long description #37,T
384,Shrt desc #37,Long description #37,T
385,Shrt desc #38,Long description #38,T
386,Shrt desc #38,Long description #38,T
387,Shrt desc #38,Long description #38,T
388,Shrt desc #38,Long description #38,T
389,Shrt desc #38,Long description #38,T
390,Shrt desc #38,Long description #38,T
391,Shrt desc #38,Long description #38,T
392,Shrt desc #38,Long description #38,T
393,Shrt desc #38,Long description #38,T
394,Shrt desc #38,Long description #38,T
395,Shrt desc #39,Long description #39,T
396,Shrt desc #39,Long description #39,T
397,Shrt desc #39,Long description #39,T
398,Shrt desc #39,Long description #39,T
399,Shrt desc #39,Long description #39,T
400,Shrt desc #39,Long description #39,T
401,Shrt desc #39,Long description #39,T
402,Shrt desc #39,Long description #39,T
403,Shrt desc #39,Long description #39,T
404,Shrt desc #39,Long description #39,T
405,Shrt desc #40,Long description #40,T
406,Shrt desc #40,Long description #40,T
407,Shrt desc #40,Long description #40,T
408,Shrt desc #40,Long description #40,T
409,Shrt desc #40,Long description #40,T
410,Shrt desc #40,Long description #40,T
411,Shrt desc #40,Long description #40,T
412,Shrt desc #40,Long description #40,T
413,Shrt desc #40,Long description #40,T
414,Shrt desc #40,Long description #40,T
415,Shrt desc #41,Long description #41,T
416,Shrt desc #41,Long description #41,T
417,Shrt desc #41,Long description #41,T
418,Shrt desc #41,Long description #41,T
419,Shrt desc #41,Long description #41,T
420,Shrt desc #41,Long description #41,T
421,Shrt desc #41,Long description #41,T
422,Shrt desc #41,Long description #41,T
423,Shrt desc #41,Long description #41,T
424,Shrt desc #41,Long description #41,T
425,Shrt desc #42,Long description #42,T
426,Shrt desc #42,Long description #42,T
427,Shrt desc #42,Long description #42,T
428,Shrt desc #42,Long description #42,T
429,Shrt desc #42,Long description #42,T
430,Shrt desc #42,Long description #42,T
431,Shrt desc #42,Long description #42,T
432,Shrt desc #42,Long description #42,T
433,Shrt desc #42,Long description #42,T
434,Shrt desc #42,Long description #42,T
435,Shrt desc #43,Long description #43,T
436,Shrt desc #43,Long description #43,T
437,Shrt desc #43,Long description #43,T
438,Shrt desc #43,Long description #43,T
439,Shrt desc #43,Long description #43,T
440,Shrt desc #43,Long description #43,T
441,Shrt desc #43,Long description #43,T
442,Shrt desc #43,Long description #43,T
443,Shrt desc #43,Long description #43,T
444,Shrt desc #43,Long description #43,T
445,Shrt desc #44,Long description #44,T
446,Shrt desc #44,Long description #44,T
447,Shrt desc #44,Long description #44,T
448,Shrt desc #44,Long description #44,T
449,Shrt desc #44,Long description #44,T
450,Shrt desc #44,Long description #44,T
451,Shrt desc #44,Long description #44,T
452,Shrt desc #44,Long description #44,T
453,Shrt desc #44,Long description #44,T
454,Shrt desc #44,Long description #44,T
455,Shrt desc #45,Long description #45,T
456,Shrt desc #45,Long description #45,T
457,Shrt desc #45,Long description #45,T
458,Shrt desc #45,Long description #45,T
459,Shrt desc #45,Long description #45,T
460,Shrt desc #45,Long description #45,T
461,Shrt desc #45,Long description #45,T
462,Shrt desc #45,Long description #45,T
463,Shrt desc #45,Long description #45,T
464,Shrt desc #45,Long description #45,T
465,Shrt desc #46,Long description #46,T
466,Shrt desc #46,Long description #46,T
467,Shrt desc #46,Long description #46,T
468,Shrt desc #46,Long description #46,T
469,Shrt desc #46,Long description #46,T
470,Shrt desc #46,Long description #46,T
471,Shrt desc #46,Long description #46,T
472,Shrt desc #46,Long description #46,T
473,Shrt desc #46,Long description #46,T
474,Shrt desc #46,Long description #46,T
475,Shrt desc #47,Long description #47,T
476,Shrt desc #47,Long description #47,T
477,Shrt desc #47,Long description #47,T
478,Shrt desc #47,Long description #47,T
479,Shrt desc #47,Long description #47,T
480,Shrt desc #47,Long description #47,T
481,Shrt desc #47,Long description #47,T
482,Shrt desc #47,Long description #47,T
483,Shrt desc #47,Long description #47,T
484,Shrt desc #47,Long description #47,T
485,Shrt desc #48,Long description #48,T
486,Shrt desc #48,Long description #48,T
487,Shrt desc #48,Long description #48,T
488,Shrt desc #48,Long description #48,T
489,Shrt desc #48,Long description #48,T
490,Shrt desc #48,Long description #48,T
491,Shrt desc #48,Long description #48,T
492,Shrt desc #48,Long description #48,T
493,Shrt desc #48,Long description #48,T
494,Shrt desc #48,Long description #48,T
495,Shrt desc #49,Long description #49,T
496,Shrt desc #49,Long description #49,T
497,Shrt desc #49,Long description #49,T
498,Shrt desc #49,Long description #49,T
499,Shrt desc #49,Long description #49,T
500,Shrt desc #49,Long description #49,T
501,Shrt desc #49,Long description #49,T
502,Shrt desc #49,Long description #49,T
503,Shrt desc #49,Long description #49,T
504,Shrt desc #49,Long description #49,T
505,Shrt desc #50,Long description #50,T
